id,capitulo,fonte,tipo,confiabilidade,texto,atores,temas,citado_por,fonte_url
EV-0001-01,0001,cap 1,narracao,canonico,"A fruta foi roubada de um navio do Governo pelos Piratas do Ruivo, e um menino de sete anos chamado Monkey D. Luffy a encontrou largada e a comeu por engano, achando que era sobremesa.",Monkey D. Luffy|Shanks,Nika|Akuma no Mi|Luffy,H-10,https://onepiece.fandom.com/wiki/Nika
EV-0001-02,0001,titulo da obra,narracao,traducao_disputada,"O título da obra é escrito hitotsunagi no daihihou, o grande tesouro oculto, com hitotsunagi grafado em kana e não em kanji, o que deixa a leitura em aberto entre algo em uma peça só, aquilo que conecta pessoas e um mar em calmaria.",,One Piece|nome|traducao,H-13,https://thelibraryofohara.com/2022/01/04/what-is-the-one-piece-the-ultimate-one-piece-theory/
EV-0002-01,0002,cap 2,narracao,canonico,O título de Rei dos Piratas foi intrinsecamente ligado por Roger ao tesouro mítico conhecido como One Piece.,Gol D. Roger,One Piece|Rei dos Piratas,H-01,https://onepiece.fandom.com/wiki/Great_Pirate_Era
EV-0096-01,0096,cap 96,fala,canonico,"Woop Slap pergunta, sobre Luffy, se aquilo é o sonho dele ou o destino dele.",Woop Slap,destino|sonho|Luffy,,https://onepiece.fandom.com/wiki/Monkey_D._Luffy
EV-0099-01,0099,cap 99,narracao,canonico,Testemunhas da execução de Roger afirmam que ele sorriu pouco antes de morrer.,Gol D. Roger,riso|execucao|Vontade de D.,,https://onepiece.fandom.com/wiki/Gol_D._Roger
EV-0105-01,0105,cap 105,narracao,canonico,Laugh Tale é a ilha no fim do New World que supostamente guarda o tesouro chamado One Piece.,,Laugh Tale|One Piece,H-01,https://onepiece.fandom.com/wiki/Laugh_Tale
EV-0202-01,0202,cap 202,narracao,canonico,Nico Robin é uma das pouquíssimas pessoas vivas capazes de ler a língua antiga dos Poneglyphs.,Nico Robin,Poneglyphs|leitura,,https://onepiece.fandom.com/wiki/Void_Century
EV-0218-01,0218,cap 218,fala,canonico,"O sonho de Robin é descobrir a verdade do Século Perdido encontrando o Rio Poneglyph, que amarraria os fios da história.",Nico Robin|Nefertari Cobra,Rio Poneglyph|Seculo Perdido,H-04,https://onepiece.fandom.com/wiki/Void_Century
EV-0261-01,0261,cap 261,narracao,canonico,"A lápide erguida nas ruínas registra que a cidade se chamava Shandora, que prosperou há mais de 1100 anos e que seu povo desapareceu de forma inexplicada há 800 anos.",Nico Robin,Shandora|Seculo Perdido|datacao,,https://onepiece.fandom.com/wiki/Chapter_261
EV-0261-02,0261,cap 261,narracao,canonico,"Robin percebe que o desaparecimento do povo de Shandora há 800 anos cai exatamente dentro dos cem anos ausentes da história do mundo, e cogita que a ilha do céu tenha feito parte dessa história não contada.",Nico Robin,Shandora|Seculo Perdido|Skypiea,,https://onepiece.fandom.com/wiki/Chapter_261
EV-0272-01,0272,cap 272,narracao,ambiguo,Há indicação de que a Grande Guerra do Século Perdido levou à queda da cidade de Shandora.,,Shandora|Grande Guerra,,https://onepiece.fandom.com/wiki/Void_Century
EV-0272-02,0272,cap 272,imagem,canonico,Nas ruínas de Shandora há uma parede coberta de escrita no mesmo sistema em que os Poneglyphs são gravados.,,Shandora|Poneglyphs|escrita antiga,,https://onepiece.fandom.com/wiki/Poneglyph
EV-0272-03,0272,cap 272,narracao,canonico,"Lendo as inscrições das ruínas, Robin conclui que um Poneglyph foi trazido para Shandora na época em que a cidade lutava contra o inimigo, e que foi por causa disso que a cidade foi arruinada.",Nico Robin,Shandora|Poneglyphs|Grande Guerra,H-17,https://onepiece.fandom.com/wiki/Chapter_272
EV-0272-04,0272,cap 272,narracao,canonico,"Robin deduz das anotações de Noland que o Poneglyph de Shandora estava junto do grande sino, pendurado no centro dos quatro altares da cidade.",Nico Robin|Mont Blanc Noland,Shandora|Poneglyphs|sino de ouro,,https://onepiece.fandom.com/wiki/Chapter_272
EV-0274-01,0274,cap 274,fala,canonico,"Enel descreve a Fairy Vearth como um lugar de terra ilimitada onde, segundo as lendas do lugar em que nasceu, mora Deus, e diz que voltar para lá é voltar para onde pertence.",Enel,Fairy Vearth|lua|Birka|mito,,https://onepiece.fandom.com/wiki/Chapter_274
EV-0274-02,0274,cap 274,narracao,traducao_disputada,"O nome do lugar procurado por Enel é escrito com kanji que se lê como terra sem fim e furigana que se lê Fairy Vearth, de modo que as duas traduções correntes estão ambas no original.",Enel,Fairy Vearth|traducao|lua,,https://onepiece.fandom.com/wiki/Vearth
EV-0274-03,0274,cap 274,narracao,ambiguo,"Segundo a fonte, as tribos que vieram da lua perderam com o tempo qualquer registro da própria origem, e delas restou apenas um mito que trata a lua como Fairy Vearth, lugar de sonho.",,Birka|lua|memoria perdida|Fairy Vearth,H-16,https://onepiece.fandom.com/wiki/Birka
EV-0277-01,0277,cap 277,narracao,canonico,"Enel escravizou o esquadrão divino de Gan Fall para extrair todo o ouro de Shandora, e usou esse ouro na construção da arca Maxim.",Enel|Gan Fall,Shandora|ouro|Maxim|lua,,https://onepiece.fandom.com/wiki/Shandora
EV-0279-01,0279,cap 279,narracao,canonico,A ilha do céu onde Enel nasceu chamava-se Birka e foi destruída por ele seis anos antes da chegada dos Chapéus de Palha a Skypiea.,Enel,Birka|Skypiea,H-16,https://onepiece.fandom.com/wiki/Birka
EV-0287-01,0287,cap 287,narracao,canonico,"Os Shandia antigos cultuavam deuses do sol, da terra, da floresta e da chuva.",Mousse,Shandia|deuses|sol,,https://onepiece.fandom.com/wiki/Harley
EV-0290-01,0290,cap 290,fala,canonico,"Kalgara explica a Noland que o que os Shandia guardam há gerações não é o ouro nem a cidade em si, e sim o Poneglyph fincado na base do campanário.",Kalgara|Mont Blanc Noland,Shandia|Poneglyphs|Shandora,H-17,https://onepiece.fandom.com/wiki/Chapter_290
EV-0290-02,0290,cap 290,fala,canonico,"Kalgara afirma ter certeza de que a cidade de Shandora foi dizimada por defender o Poneglyph, e que por isso a vontade de seu povo é proteger o passado e o que dele restou a qualquer custo.",Kalgara,Shandora|Poneglyphs|Grande Guerra,H-17,https://onepiece.fandom.com/wiki/Chapter_290
EV-0290-03,0290,cap 290,narracao,canonico,Nenhum dos Shandia consegue decifrar a mensagem da pedra que seu povo guarda há gerações.,Kalgara,Shandia|Poneglyphs|leitura,H-17,https://onepiece.fandom.com/wiki/Chapter_290
EV-0290-04,0290,cap 290,fala,canonico,"Segundo Kalgara, o sino de ouro foi feito para anunciar ao mundo que eles estão ali, para mostrar aos espíritos dos ancestrais o caminho de volta à ilha e para avisar invasores de que os Shandia não os temem; por isso é chamado a Luz de Shandora.",Kalgara,Shandora|sino de ouro|ancestrais,,https://onepiece.fandom.com/wiki/Shandorian_Golden_Belfry_Bell
EV-0300-01,0300,cap 300,narracao,canonico,"Depois de derrotado por Luffy, Enel recupera a consciência, religa a arca Maxim e parte rumo a Fairy Vearth.",Enel,Fairy Vearth|Maxim|lua,,https://onepiece.fandom.com/wiki/Enel
EV-0301-01,0301,cap 301,narracao,canonico,"Diz-se que ao chegar a Laugh Tale, se a pessoa levou consigo as passagens dos Poneglyphs recolhidas na viagem, o Rio Poneglyph será finalmente revelado.",,Laugh Tale|Rio Poneglyph|Poneglyphs,H-01|H-04|H-07|H-08|H-12|H-17,https://onepiece.fandom.com/wiki/Laugh_Tale
EV-0301-02,0301,cap 301,narracao,canonico,"O Poneglyph dos Shandia estava na base do Sino Dourado, e ao lê-lo Robin encontra o registro de uma arma ancestral chamada Poseidon.",Nico Robin,Poneglyphs|Poseidon|armas ancestrais|Shandora,,https://onepiece.fandom.com/wiki/Chapter_301
EV-0301-03,0301,cap 301,imagem,canonico,"Ao lado do texto antigo há uma segunda inscrição, assinada por Gol D. Roger, dizendo que eles estiveram ali, encontraram o texto e seguiram a orientação dele.",Gol D. Roger|Nico Robin,Poneglyphs|Roger|Shandora,,https://onepiece.fandom.com/wiki/Chapter_301
EV-0301-04,0301,cap 301,narracao,canonico,Robin recorda que existem dois tipos de Poneglyph: os que carregam informação e os que revelam onde estão os outros.,Nico Robin,Poneglyphs|tipologia,,https://onepiece.fandom.com/wiki/Chapter_301
EV-0301-05,0301,cap 301,narracao,canonico,"Robin conclui que a pedra de Shandora já cumpriu sua função porque Roger já achou aquilo que ela indicava, e que os Poneglyphs são feitos para serem lidos em conjunto, preenchendo o trecho apagado da história.",Nico Robin|Gol D. Roger,Poneglyphs|Seculo Perdido|Roger,,https://onepiece.fandom.com/wiki/Chapter_301
EV-0301-06,0301,cap 301,fala,canonico,"A tábua de pedra que Robin encontrou no Upper Yard diz que diante do cerne da verdade não há necessidade de palavras e que seus autores são os registradores da história, existindo em harmonia com o som do grande sino, e aponta os Shandia como protetores antigos do texto.",Nico Robin,Shandora|Poneglyphs|registradores|sino de ouro,,https://onepiece.fandom.com/wiki/Chapter_301
EV-0301-07,0301,cap 301,fala,canonico,Gan Fall diz a Robin que Roger esteve em Skypiea há cerca de vinte anos.,Gan Fall|Gol D. Roger,Roger|Skypiea|cronologia,,https://onepiece.fandom.com/wiki/Chapter_301
EV-0301-08,0301,cap 301,narracao,canonico,Robin fica chocada ao descobrir que o Rei dos Piratas não só chegou à ilha do céu como sabia ler a escrita dos Poneglyphs.,Nico Robin|Gol D. Roger,Roger|Poneglyphs|leitura,,https://onepiece.fandom.com/wiki/Chapter_301
EV-0301-09,0301,cap 301,narracao,canonico,"Ao saber por Robin que o desejo de seus ancestrais já foi cumprido, o chefe Shandia desaba em lágrimas, entendendo que seu povo não precisa mais lutar pela pedra.",Nico Robin,Shandia|Poneglyphs|guarda,,https://onepiece.fandom.com/wiki/Chapter_301
EV-0302-01,0302,cap 302,narracao,canonico,Wyper e seus guerreiros juram a Kalgara que manterão o orgulho do povo e não deixarão a Luz de Shandora se apagar outra vez.,Wyper|Kalgara,Shandia|Shandora|sino de ouro,,https://onepiece.fandom.com/wiki/Chapter_302
EV-0344-01,0344,cap 344,narracao,canonico,Pluton é um navio de guerra ancestral construído na ilha de Water 7 durante o Século Perdido.,,Pluton|armas ancestrais|Seculo Perdido,,https://onepiece.fandom.com/wiki/Ancient_Weapons
EV-0391-01,0391,cap 391,narracao,canonico,Ohara foi destruída por um Buster Call vinte anos antes dos eventos de Enies Lobby.,Spandam|Nico Robin,Ohara|Buster Call|cronologia,,https://onepiece.fandom.com/wiki/Ohara
EV-0392-01,0392,cap 392,fala,canonico,Pesquisar o Século Perdido é considerado pelo Governo Mundial o pior crime possível.,Clou D. Clover,Governo Mundial|Seculo Perdido|proibicao,,https://onepiece.fandom.com/wiki/Void_Century
EV-0392-02,0392,cap 392,narracao,canonico,A Árvore do Conhecimento de Ohara era uma árvore-biblioteca de cinco mil anos que reunia arqueólogos do mundo inteiro.,Clou D. Clover,Ohara|biblioteca|Seculo Perdido,H-14,https://onepiece.fandom.com/wiki/Tree_of_Knowledge
EV-0392-03,0392,cap 392,imagem,ambiguo,"A Árvore do Conhecimento guardava um modelo geocêntrico do Planeta Azul com seis satélites, um deles com um segundo corpo em órbita, e o planeta inclinado cerca de vinte e quatro a vinte e cinco graus.",,Ohara|lua|planetas,H-14,https://onepiece.fandom.com/wiki/Tree_of_Knowledge
EV-0392-04,0392,cap 392,fala,canonico,"Os arqueólogos de Ohara proibiram Robin de participar da pesquisa porque sabiam que a pena, caso fossem descobertos, era a decapitação.",Clou D. Clover|Nico Robin,Ohara|proibicao|Seculo Perdido,H-04,https://onepiece.fandom.com/wiki/Chapter_392
EV-0393-01,0393,cap 393,narracao,canonico,Nações inteiras são destruídas e apagadas do registro caso uma única pessoa tente aprender algo sobre o Século Perdido.,,Governo Mundial|Buster Call|Ohara,H-04|H-12,https://onepiece.fandom.com/wiki/Void_Century
EV-0393-02,0393,cap 393,narracao,canonico,"A expedição de Olvia passou seis anos no mar em busca de poneglyphs e terminou com os trinta e três companheiros mortos pela Marinha, restando apenas ela viva.",Nico Olvia,Ohara|Poneglyphs|Governo Mundial,H-04,https://onepiece.fandom.com/wiki/Nico_Olvia
EV-0393-03,0393,cap 393,narracao,canonico,"A Marinha rastreou pelos pertences dos arqueólogos mortos a origem da equipe de Olvia até Ohara, e só então um destacamento do CP9 foi enviado à ilha.",Nico Olvia,Ohara|Governo Mundial|CP9,,https://onepiece.fandom.com/wiki/Poneglyphs
EV-0393-04,0393,cap 393,narracao,canonico,"O Governo Mundial já desconfiava dos arqueólogos de Ohara pelo que eles sabiam, e a pesquisa dos poneglyphs forneceu o pretexto para agir contra eles.",,Ohara|Governo Mundial|proibicao,H-04,https://onepiece.fandom.com/wiki/Poneglyphs
EV-0393-05,0393,cap 393,fala,canonico,"Avisados por Olvia de que a Marinha vinha, Clover e os arqueólogos decidiram não fugir de Ohara porque fugir significaria abandonar os tesouros da ilha.",Clou D. Clover|Nico Olvia,Ohara|biblioteca,H-01,https://onepiece.fandom.com/wiki/Chapter_393
EV-0394-01,0394,cap 394,fala,canonico,Agentes do Governo declararam aos moradores de Ohara que os estudiosos eram demônios que queriam a destruição do mundo.,,Ohara|Governo Mundial|propaganda,H-04,https://onepiece.fandom.com/wiki/Chapter_394
EV-0394-02,0394,cap 394,fala,canonico,Spandine afirma que o Governo Mundial vinha há anos capturando estudiosos de poneglyphs pelo mundo tentando ligá-los a Ohara.,Spandine,Ohara|Governo Mundial|Poneglyphs,H-04,https://onepiece.fandom.com/wiki/Chapter_394
EV-0394-03,0394,cap 394,fala,canonico,Spandine afirma que a destruição de Ohara serviria de exemplo para desestimular qualquer um que estudasse os poneglyphs.,Spandine,Ohara|Governo Mundial|proibicao,H-04,https://onepiece.fandom.com/wiki/Chapter_394
EV-0394-04,0394,cap 394,fala,canonico,Spandine acusa os estudiosos de Ohara de terem como objetivo despertar as armas ancestrais.,Spandine,Ohara|armas ancestrais|Governo Mundial,H-06,https://onepiece.fandom.com/wiki/Chapter_394
EV-0394-05,0394,cap 394,narracao,canonico,A confirmação por chamada de que havia um poneglyph na Árvore do Conhecimento foi tratada por Spandine como a sentença de morte dos estudiosos.,Spandine,Ohara|Poneglyphs|proibicao,H-04,https://onepiece.fandom.com/wiki/Chapter_394
EV-0394-06,0394,cap 394,fala,canonico,Clover exigiu falar diretamente com os Cinco Anciãos.,Clou D. Clover|Cinco Anciaos,Ohara|Cinco Anciaos,,https://onepiece.fandom.com/wiki/Chapter_394
EV-0395-01,0395,cap 395,fala,canonico,"Clover afirma que o nome do Reino Antigo é de importância tremenda e é a chave para entender o Século Perdido, mas é baleado antes de pronunciá-lo.",Clou D. Clover|Cinco Anciaos,Reino Antigo|nome|Seculo Perdido,H-04,https://onepiece.fandom.com/wiki/Great_Kingdom
EV-0395-02,0395,cap 395,fala,canonico,"Clover afirma que o Governo Mundial apagou o reino não por temer seu poder nem suas armas, mas por temer seus ideais.",Clou D. Clover|Cinco Anciaos,Reino Antigo|ideais|Governo Mundial,H-04,https://onepiece.fandom.com/wiki/Great_Kingdom
EV-0395-03,0395,cap 395,narracao,traducao_disputada,"No discurso de Clover o reino é descrito com um adjetivo comum, kyodai na oukoku, ou seja um reino imenso, e não com um nome próprio.",Clou D. Clover,Reino Antigo|nome|traducao,,https://thelibraryofohara.com/2022/01/04/what-is-the-one-piece-the-ultimate-one-piece-theory/
EV-0395-04,0395,cap 395,narracao,canonico,O poneglyph de Ohara ficou intacto depois que uma bomba foi detonada ao seu redor dentro da Árvore do Conhecimento.,,Poneglyphs|Ohara,H-03,https://onepiece.fandom.com/wiki/Chapter_395
EV-0395-05,0395,cap 395,fala,canonico,"Clover afirma que a mensagem foi gravada em pedra porque, se tivesse sido escrita em papel, teria se perdido.",Clou D. Clover,Poneglyphs|mensagem|Seculo Perdido,H-03|H-04|H-05,https://onepiece.fandom.com/wiki/Chapter_395
EV-0395-06,0395,cap 395,fala,canonico,"Clover afirma que o povo que gravou os poneglyphs foi derrotado por um inimigo, e que esse inimigo seguiu existindo na história posterior.",Clou D. Clover,Seculo Perdido|Reino Antigo|Grande Guerra,H-04|H-09,https://onepiece.fandom.com/wiki/Chapter_395
EV-0395-07,0395,cap 395,narracao,canonico,O Governo Mundial foi formado ao fim do Século Perdido.,,Governo Mundial|Seculo Perdido,H-09,https://onepiece.fandom.com/wiki/Chapter_395
EV-0395-08,0395,cap 395,fala,canonico,"Clover afirma que, antes de o Governo Mundial existir, o mundo era regido por um reino imenso, e que esse reino foi exterminado por um grupo que veio a se tornar o Governo Mundial.",Clou D. Clover|Cinco Anciaos,Reino Antigo|Governo Mundial|Grande Guerra,H-04|H-07|H-09,https://onepiece.fandom.com/wiki/Clover
EV-0395-09,0395,cap 395,fala,canonico,"Os estudiosos de Ohara só descobriram a existência de um país que não existe mais cruzando vários documentos e poneglyphs, e não por uma única fonte.",Clou D. Clover,Ohara|Reino Antigo|Poneglyphs,H-04|H-17,https://onepiece.fandom.com/wiki/Chapter_395
EV-0395-10,0395,cap 395,fala,canonico,"Clover afirma que o povo do reino antigo, ao saber que seria derrotado, gravou os poneglyphs para que o mundo soubesse o que havia acontecido.",Clou D. Clover,Poneglyphs|Reino Antigo|mensagem,H-04|H-05|H-17,https://onepiece.fandom.com/wiki/Chapter_395
EV-0395-11,0395,cap 395,fala,canonico,"Os Cinco Anciãos afirmam que a continuidade da pesquisa acabara revivendo as armas ancestrais, mesmo que os estudiosos não tenham essa intenção.",Cinco Anciaos,Cinco Anciaos|armas ancestrais|proibicao,H-04|H-06|H-09,https://onepiece.fandom.com/wiki/Chapter_395
EV-0395-12,0395,cap 395,fala,canonico,Clover responde que o passado é algo que a humanidade deve aceitar e contra o qual deve se precaver.,Clou D. Clover|Cinco Anciaos,Seculo Perdido|proibicao,,https://onepiece.fandom.com/wiki/Chapter_395
EV-0395-13,0395,cap 395,fala,canonico,"Os Cinco Anciãos classificam a posição de Clover como idealismo, e ele pergunta por que lhes negam o direito de sustentar ideais.",Cinco Anciaos|Clou D. Clover,Cinco Anciaos|ideais|Ohara,H-04,https://onepiece.fandom.com/wiki/Chapter_395
EV-0395-14,0395,cap 395,fala,ambiguo,Três dos Cinco Anciãos reconhecem a contribuição de Clover para a cultura universal e lamentam que ele tenha se desviado do bom caminho.,Cinco Anciaos|Clou D. Clover,Cinco Anciaos|Ohara,H-04,https://onepiece.fandom.com/wiki/Clover
EV-0395-15,0395,cap 395,narracao,canonico,"Clover foi baleado por Spandine, chefe do CP9 na época, imediatamente após a ordem de atirar ser dada durante a chamada com os Cinco Anciãos.",Spandine|Clou D. Clover|Cinco Anciaos,Ohara|Cinco Anciaos,H-04,https://onepiece.fandom.com/wiki/Clover
EV-0395-16,0395,cap 395,narracao,canonico,"Logo depois do disparo contra Clover, Spandine acionou o botão do Den Den Mushi Dourado e convocou o Buster Call sobre Ohara.",Spandine,Ohara|Buster Call,,https://onepiece.fandom.com/wiki/Chapter_395
EV-0395-17,0395,cap 395,narracao,canonico,"A autorização para Spandine convocar o Buster Call sobre Ohara, com o Den Den Mushi Dourado, foi concedida pelo então almirante Sengoku.",Spandine|Sengoku,Buster Call|Governo Mundial,H-04,https://onepiece.fandom.com/wiki/Buster_Call
EV-0395-18,0395,cap 395,fala,canonico,Robin declarou diante de Spandine que sabia ler poneglyphs.,Nico Robin|Spandine,Nico Robin|Poneglyphs|leitura,H-04,https://onepiece.fandom.com/wiki/Chapter_395
EV-0396-01,0396,cap 396,fala,canonico,Olvia afirma que Ohara nunca quis revelar a história ao mundo: queria apenas ouvir as vozes do passado e transmiti-las adiante.,Nico Olvia|Nico Robin,Ohara|Seculo Perdido|mensagem,H-04,https://onepiece.fandom.com/wiki/Chapter_396
EV-0396-02,0396,cap 396,narracao,canonico,Clover conclui que o Governo Mundial pretendia desde o início levar a operação ao nível da destruição total da ilha.,Clou D. Clover,Ohara|Buster Call|Governo Mundial,,https://onepiece.fandom.com/wiki/Chapter_396
EV-0396-03,0396,cap 396,narracao,canonico,"Ao saber que Saul havia fugido com Olvia, Sengoku ordenou que os dois fossem mortos porque Saul conhecia a missão.",Sengoku|Jaguar D. Saul|Nico Olvia,Governo Mundial|segredo|Marinha,H-04,https://onepiece.fandom.com/wiki/Chapter_396
EV-0396-04,0396,cap 396,fala,canonico,Olvia acusa as pessoas de temerem o passado sem sequer perguntar do que ele trata.,Nico Olvia|Jaguar D. Saul,Seculo Perdido|proibicao,H-02|H-04,https://onepiece.fandom.com/wiki/Chapter_396
EV-0397-01,0397,cap 397,narracao,canonico,"Sob bombardeio, os arqueólogos jogaram os livros pelas janelas no lago da ilha para que as palavras de mil anos não se perdessem.",Clou D. Clover|Nico Olvia,Ohara|biblioteca|mensagem,H-04|H-14,https://onepiece.fandom.com/wiki/Chapter_397
EV-0397-02,0397,cap 397,narracao,canonico,"Sakazuki destruiu o navio de evacuação com todos os civis de Ohara a bordo, para o caso de algum estudioso ter embarcado.",Sakazuki|Kuzan,Buster Call|Ohara,H-04,https://onepiece.fandom.com/wiki/Chapter_397
EV-0397-03,0397,cap 397,narracao,canonico,"Robin aprendeu a ler a escrita antiga aos oito anos espionando o trabalho dos arqueólogos, sem que nenhum deles soubesse.",Nico Robin,Nico Robin|Poneglyphs|leitura,H-04,https://onepiece.fandom.com/wiki/Poneglyphs
EV-0398-01,0398,cap 398,narracao,canonico,"A recompensa de setenta e nove milhões posta sobre Robin aos oito anos foi pela capacidade de ler poneglyphs, e não por ter afundado seis navios da Marinha como se divulgou.",Nico Robin|Spandine,Nico Robin|Poneglyphs|propaganda,H-04,https://onepiece.fandom.com/wiki/Chapter_398
EV-0398-02,0398,cap 398,narracao,canonico,"A Marinha vistoriou as ruínas de Ohara, confirmou que não havia sobreviventes e viu o lago cheio de livros sem dar importância a eles.",,Ohara|biblioteca,H-04,https://onepiece.fandom.com/wiki/Chapter_398
EV-0399-01,0399,cap 399,narracao,canonico,"Franky queimou as plantas de Pluton depois de concluir que Robin, única capaz de reviver as armas ancestrais, não pretendia usá-las.",Franky|Nico Robin|Spandam,Pluton|armas ancestrais,,https://onepiece.fandom.com/wiki/Ancient_Weapons
EV-0421-01,0421,cap 421,narracao,canonico,"Uma vez anunciados os alvos, o Buster Call não pode ser revogado, mas o almirante que o lidera pode poupar um ponto específico mediante acordo prévio com a frota.",Spandam,Buster Call,,https://onepiece.fandom.com/wiki/Buster_Call
EV-0453-01,0453,historia de capa cap 453 (Enel's Great Space Operations),capa,canonico,"Os quatro autômatos construídos pelo professor Tsukimi na Ilha Karakuri viajaram do planeta até a lua usando balões, para vingar a morte do criador.",Enel,lua|automatos|baloes|Karakuri,H-16,https://onepiece.fandom.com/wiki/Enel's_Great_Space_Operations
EV-0466-01,0466,historia de capa cap 466 (Enel's Great Space Operations),capa,canonico,"Escavando a cratera aberta pelos piratas espaciais, Enel encontra sob a crosta da lua uma cidade antiga escondida e há muito abandonada.",Enel,lua|Birka|cidade antiga,H-16,https://onepiece.fandom.com/wiki/Enel's_Great_Space_Operations
EV-0468-01,0468,historia de capa cap 468 (Enel's Great Space Operations),capa,canonico,"A descarga elétrica de Enel recarrega a cidade lunar e os autômatos antigos parados dentro dela, que voltam a funcionar depois de séculos inertes.",Enel,lua|automatos|tecnologia antiga,H-16,https://onepiece.fandom.com/wiki/Enel's_Great_Space_Operations
EV-0470-01,0470,historia de capa cap 470 (Enel's Great Space Operations),capa,canonico,Os murais da cidade lunar mostram uma civilização antiga de gente alada que vivia na lua e que criou os autômatos.,Enel,lua|automatos|povo alado,H-16,https://onepiece.fandom.com/wiki/Enel's_Great_Space_Operations
EV-0470-02,0470,historia de capa caps 470-472 (Enel's Great Space Operations),capa,canonico,"Pelos murais, Enel descobre que Skypieanos, Shandia e Birkanos se originaram todos da mesma cidade lunar e que foram eles que inventaram os autômatos.",Enel,lua|Shandia|Skypiea|Birka|origem comum,H-16,https://onepiece.fandom.com/wiki/Enel's_Great_Space_Operations
EV-0472-01,0472,historia de capa cap 472 (Enel's Great Space Operations),capa,canonico,Os murais dizem que o nome da cidade lunar era Birka e que seus habitantes partiram para a Estrela Azul porque os recursos da lua se esgotaram.,Enel,lua|Birka|migracao|recursos,H-16,https://onepiece.fandom.com/wiki/Enel's_Great_Space_Operations
EV-0472-02,0472,historia de capa cap 472 (Enel's Great Space Operations),capa,canonico,"Segundo os murais, os habitantes da cidade lunar desceram até a estrela azul usando balões e deixaram para trás os autômatos que haviam criado, numa despedida triste para os dois lados.",Enel,lua|automatos|migracao|baloes,H-16,https://onepiece.fandom.com/wiki/Enel's_Great_Space_Operations
EV-0488-01,0488,cap 488,narracao,ambiguo,"A última linha de Binks' Sake termina em warai-banashi, escrito com os mesmos caracteres de Laugh Tale, e Roger citou essa exata linha antes de nomear a ilha.",Gol D. Roger|Brook,Laugh Tale|riso|Binks' Sake|nome,H-12,https://thelibraryofohara.com/2022/01/04/what-is-the-one-piece-the-ultimate-one-piece-theory/
EV-0506-01,0506,cap 506,fala,canonico,"Roger usou suas palavras finais na execução pública para declarar abertamente que o One Piece pertence a quem conseguir encontrá-lo, e assim sozinho deu início à Grande Era dos Piratas.",Gol D. Roger,One Piece|Era dos Piratas|anuncio,H-02,https://onepiece.fandom.com/wiki/Gol_D._Roger
EV-0506-02,0506,cap 506,narracao,ambiguo,"Na execução Roger declarou que, tal como Joy Boy, havia escondido seu tesouro para que o próximo Rei dos Piratas o encontrasse.",Gol D. Roger|Joy Boy,One Piece|esconder|sucessao,H-01|H-05,https://onepiece.fandom.com/wiki/Great_Pirate_Era
EV-0507-01,0507,cap 507,fala,canonico,"Rayleigh revela que os Piratas de Roger descobriram a verdadeira história, provando que preencher a lacuna do Século Perdido é possível.",Silvers Rayleigh|Nico Robin,Seculo Perdido|verdadeira historia|Roger,H-04,https://onepiece.fandom.com/wiki/Void_Century
EV-0507-02,0507,cap 507,fala,ambiguo,"Rayleigh disse acreditar que sua tripulação e os estudiosos de Ohara tinham sido apressados demais, e encorajou Robin a ver o mundo para chegar a conclusão diferente da deles.",Silvers Rayleigh|Nico Robin,Roger|Ohara|cedo demais,,https://onepiece.fandom.com/wiki/Void_Century
EV-0576-01,0576,cap 576,fala,canonico,Barba Branca declarou que um dia o One Piece será encontrado e que isso desencadeará uma guerra indizível que engolfará o mundo inteiro.,Edward Newgate,One Piece|guerra|profecia,H-01|H-02|H-05|H-11,https://onepiece.fandom.com/wiki/Void_Century
EV-0576-02,0576,cap 576,narracao,canonico,"Roger ofereceu a Barba Branca a informação de como chegar a Laugh Tale, e Barba Branca recusou porque seu sonho era ter uma família.",Gol D. Roger|Edward Newgate,Laugh Tale|recusa,H-01|H-02,https://onepiece.fandom.com/wiki/Laugh_Tale
EV-0585-01,0585,cap 585,narracao,canonico,"Diante de Ace e Sabo, Luffy declara qual é o objetivo que está no fim do seu sonho, mas o quadro corta antes da fala e mostra apenas a reação dos dois, que em seguida trocam taças de sake.",Monkey D. Luffy|Portgas D. Ace|Sabo,sonho|sake|Luffy,H-11,https://onepiece.fandom.com/wiki/Monkey_D._Luffy
EV-0621-01,0621,cap 621,fala,canonico,Otohime declara em praça pública que o Reino Ryugu vai para a superfície e recolhe assinaturas para levar a intenção de migrar ao Levely.,Otohime,Otohime|superficie|migracao|Levely,H-08,https://onepiece.fandom.com/wiki/Chapter_621
EV-0621-02,0621,cap 621,fala,canonico,Neptune diz ao Ministro da Esquerda que o mundo com que sua esposa sonha remonta a centenas de anos: ancestrais distantes tentaram a mesma coisa e aquilo terminou em sonho desperdiçado e arrependimento.,Neptune,Otohime|superficie|promessa|Seculo Perdido,H-05,https://onepiece.fandom.com/wiki/Chapter_621
EV-0621-03,0621,cap 621,imagem,ambiguo,Noah aparece ao fundo do quadro no momento em que Neptune fala do sonho fracassado dos ancestrais.,Neptune,Noah|superficie|promessa,,https://onepiece.fandom.com/wiki/Chapter_621
EV-0621-04,0621,cap 621,narracao,ambiguo,A wiki atribui a Otohime e a Neptune a crença de que o propósito de Noah era a migração em massa dos habitantes da ilha para a superfície.,Otohime|Neptune,Noah|superficie|migracao|promessa,H-03,https://onepiece.fandom.com/wiki/Noah
EV-0625-01,0625,cap 625,narracao,canonico,"Aos seis anos, ao gritar de medo quando um Dragão Celestial aponta a arma para sua mãe, Shirahoshi emite ondas de sonar e cinco Reis do Mar surgem.",Shirahoshi|Otohime|Mjosgard,Poseidon|Reis do Mar|Shirahoshi,H-06,https://onepiece.fandom.com/wiki/Chapter_625
EV-0625-02,0625,cap 625,fala,canonico,"Vander Decken IX recorda que foi a lenda de uma princesa sereia capaz de convocar Reis do Mar que levou o primeiro Vander Decken ao fundo do mar, e que a história foi passada aos descendentes.",Vander Decken IX,Poseidon|lenda|Reis do Mar,H-06,https://onepiece.fandom.com/wiki/Chapter_625
EV-0626-01,0626,cap 626,fala,canonico,"Otohime conta aos filhos que a profecia diz que um dia alguém aparecerá diante da princesa sereia para guiá-la e ensiná-la a usar seu poder para o bem, trazendo uma mudança imensa ao mundo.",Otohime,Poseidon|profecia|guia|promessa,H-08,https://onepiece.fandom.com/wiki/Chapter_626
EV-0626-02,0626,cap 626,fala,canonico,"Otohime diz que o mesmo poder da princesa sereia, se usado com intenção sinistra, pode causar grande destruição.",Otohime,Poseidon|armas ancestrais|destruicao,H-06|H-11,https://onepiece.fandom.com/wiki/Chapter_626
EV-0626-03,0626,cap 626,fala,canonico,"Otohime pede aos três filhos que protejam Shirahoshi com a própria vida quando a hora chegar, e Fukaboshi jura cumprir essa promessa à mãe moribunda.",Otohime|Fukaboshi,Poseidon|familia real|promessa,H-06,https://onepiece.fandom.com/wiki/Chapter_626
EV-0628-01,0628,cap 628,narracao,canonico,Robin observa que o poneglyph da Sea Forest é diferente de todos os que já lera: em vez de registro histórico tem forma de carta de desculpas e menciona alguém chamado Joy Boy.,Nico Robin|Joy Boy,Poneglyphs|Joy Boy|Sea Forest,H-04|H-05,https://onepiece.fandom.com/wiki/Chapter_628
EV-0632-01,0632,cap 632,fala,canonico,Vander Decken IX afirma que há muito tempo o povo da Ilha dos Homens-Peixe construiu o navio gigante Noah.,Vander Decken IX,Noah|Ilha dos Homens-Peixe,H-03|H-05,https://onepiece.fandom.com/wiki/Chapter_632
EV-0636-01,0636,cap 636,fala,canonico,"Ao ver Noah se mover, Neptune entra em pânico e afirma que ninguém pode mover o navio e que até o dia que tem de vir ele não pode ser movido de forma alguma.",Neptune|Fukaboshi,Noah|dia prometido|promessa,H-08,https://onepiece.fandom.com/wiki/Chapter_636
EV-0636-02,0636,cap 636,narracao,ambiguo,Noah é também chamada de Navio da Promessa.,,Noah|promessa,H-08,https://onepiece.fandom.com/wiki/Noah
EV-0641-01,0641,cap 641,fala,canonico,Fukaboshi diz que a missão de proteger Noah começou séculos atrás e que tudo o que fizeram por ela se perderia se o navio esmagasse a ilha.,Fukaboshi,Noah|promessa|familia real,H-08,https://onepiece.fandom.com/wiki/Chapter_641
EV-0641-02,0641,cap 641,fala,canonico,"Em flashback, Neptune explica que Noah não é um navio velho qualquer: séculos atrás foi feita uma promessa a um grande homem de manter o navio no fundo do mar e esperar, protegendo-o até que aquele dia chegue.",Neptune,Noah|promessa|dia prometido|Joy Boy,H-05|H-08,https://onepiece.fandom.com/wiki/Chapter_641
EV-0647-01,0647,cap 647,narracao,canonico,"A queda do navio Noah foi detida por Reis do Mar convocados inconscientemente por Shirahoshi, preservando a promessa da Ilha dos Homens-Peixe.",Shirahoshi|Monkey D. Luffy,Noah|promessa|Poseidon,,https://onepiece.fandom.com/wiki/Joy_Boy
EV-0648-01,0648,cap 648,narracao,canonico,Os Reis do Mar levaram Noah até a Sea Forest esperando consertá-la antes que chegue o tempo prometido.,,Noah|tempo determinado|Sea Forest,H-08,https://onepiece.fandom.com/wiki/Joy_Boy
EV-0648-02,0648,cap 648,fala,canonico,Os Reis do Mar dizem a Shirahoshi que há muito tempo estavam esperando por ela.,Shirahoshi,Reis do Mar|Poseidon|dia prometido,H-08,https://onepiece.fandom.com/wiki/Chapter_648
EV-0648-03,0648,cap 648,fala,canonico,"Os Reis do Mar afirmam que Noah foi feita para ser puxada por eles, e que isso lhes foi dito há muito tempo.",,Noah|Reis do Mar|promessa,H-03,https://onepiece.fandom.com/wiki/Chapter_648
EV-0648-04,0648,cap 648,fala,canonico,"Os Reis do Mar explicam que a cada várias centenas de anos a rainha deles nasce em forma de sereia, por um motivo que eles próprios desconhecem.",,Reis do Mar|Poseidon|lenda,H-08|H-10,https://onepiece.fandom.com/wiki/Chapter_648
EV-0648-05,0648,cap 648,fala,canonico,"Os Reis do Mar concluem que Noah pode ser consertada, mas que eles mesmos não conseguem fazê-lo e dependem da ajuda de outros.",,Noah|Reis do Mar|conserto,H-03,https://onepiece.fandom.com/wiki/Chapter_648
EV-0648-06,0648,cap 648,fala,canonico,"Um dos Reis do Mar percebe que Luffy ouviu a conversa deles, e o grupo lembra que outro humano, Gol D. Roger, também ouvia suas vozes.",Monkey D. Luffy|Gol D. Roger,Reis do Mar|vozes|Voz de Todas as Coisas,H-04,https://onepiece.fandom.com/wiki/Chapter_648
EV-0648-07,0648,cap 648,fala,canonico,"Ao ver a filha conversando com os Reis do Mar, Neptune declara que despertou o poder capaz de destruir o mundo.",Neptune|Shirahoshi,Poseidon|armas ancestrais|destruicao,H-06,https://onepiece.fandom.com/wiki/Chapter_648
EV-0649-01,0649,cap 649,narracao,canonico,Joy Boy escreveu num Poneglyph da Sea Forest um pedido de desculpas por não ter cumprido sua parte da promessa feita à Ilha dos Homens-Peixe.,Joy Boy,Joy Boy|promessa|Poneglyphs|desculpas,H-05,https://onepiece.fandom.com/wiki/Joy_Boy
EV-0649-02,0649,cap 649,narracao,canonico,"Shirahoshi herdou o título de Poseidon, o poder de falar com os Reis do Mar que aparece numa princesa sereia a cada vários séculos.",Shirahoshi|Neptune,Poseidon|armas ancestrais,H-06,https://onepiece.fandom.com/wiki/Ancient_Weapons
EV-0649-03,0649,cap 649,fala,canonico,"Neptune diz que a parte da Ilha dos Homens-Peixe na promessa era vigiar Noah e mantê-la em segurança, e que só quando chegar o tempo prometido o propósito do navio será conhecido.",Neptune|Nico Robin,Noah|promessa|dia prometido,H-05|H-08|H-09,https://onepiece.fandom.com/wiki/Chapter_649
EV-0649-04,0649,cap 649,fala,canonico,"Neptune afirma que não conhece os detalhes da promessa e que sabe apenas, por lenda transmitida na família real, que um dia alguém viria cumprir em lugar de Joy Boy o que ele prometeu.",Neptune|Joy Boy,promessa|Joy Boy|familia real|dia prometido,H-05|H-08,https://onepiece.fandom.com/wiki/Chapter_649
EV-0649-05,0649,cap 649,fala,canonico,"Perguntado por Robin, Neptune responde que Joy Boy não tinha o poder de controlar Reis do Mar e que essa habilidade pertencia à princesa sereia daquela época.",Neptune|Joy Boy|Nico Robin,Joy Boy|Poseidon|Reis do Mar|promessa,H-05|H-08,https://onepiece.fandom.com/wiki/Chapter_649
EV-0649-06,0649,cap 649,fala,canonico,Robin conta que o poneglyph que leu em Skypiea dois anos antes dava a localização de uma das armas ancestrais e dizia que ela estava na Ilha dos Homens-Peixe.,Nico Robin,Poneglyphs|armas ancestrais|Poseidon|Skypiea,H-06,https://onepiece.fandom.com/wiki/Chapter_649
EV-0649-07,0649,cap 649,fala,canonico,Neptune diz que a mensagem deixada por Joy Boy era endereçada à princesa sereia que vivia na ilha naquela época.,Neptune|Joy Boy,Joy Boy|Poseidon|Poneglyphs|promessa,H-05,https://onepiece.fandom.com/wiki/Chapter_649
EV-0649-08,0649,cap 649,narracao,ambiguo,A wiki descreve os termos da promessa como um acordo em que os habitantes da ilha construíram Noah para que o poder de Poseidon a erguesse até a superfície.,Joy Boy,Noah|promessa|Poseidon|superficie,H-03,https://onepiece.fandom.com/wiki/Noah
EV-0650-01,0650,cap 650,narracao,canonico,As três armas ancestrais têm nome de divindades e não se limitam a objetos inanimados: incluem seres vivos.,,armas ancestrais|Uranus|Poseidon|Pluton,H-06,https://onepiece.fandom.com/wiki/Ancient_Weapons
EV-0650-02,0650,cap 650,narracao,canonico,"Caribou, depois de descobrir que Shirahoshi é a arma ancestral Poseidon, tenta sequestrá-la no palácio e é impedido pelos Chapéus de Palha.",Caribou|Shirahoshi,Poseidon|armas ancestrais|sequestro,H-02,https://onepiece.fandom.com/wiki/Chapter_650
EV-0653-01,0653,cap 653,fala,canonico,"Ao se despedirem, Shirahoshi pede para ver uma floresta de verdade na superfície e Luffy fecha com ela uma promessa de mindinho de levá-la até lá, gesto repetido pelo restante da tripulação exceto Zoro e Franky.",Monkey D. Luffy|Shirahoshi,promessa|Poseidon|superficie,H-05,https://onepiece.fandom.com/wiki/Chapter_653
EV-0722-01,0722,cap 722,narracao,canonico,"Ha 800 anos, dezenove dos vinte monarcas se mudaram para Mary Geoise apos a fundacao do Governo Mundial, e apenas os Nefertari permaneceram.",Nefertari Lili,vinte reinos|Mary Geoise|Governo Mundial,,https://onepiece.fandom.com/wiki/Void_Century
EV-0763-01,0763,cap 763,fala,canonico,Rosinante afirma que o 'D.' foi herdado secretamente pelo mundo ao longo da história e que numa certa terra o Cla de D. era chamado de Inimigo Natural de Deus.,Donquixote Rosinante,Vontade de D.|Deus,,https://onepiece.fandom.com/wiki/Void_Century
EV-0818-01,0818,cap 818,narracao,canonico,"Os quatro Road Poneglyphs, lidos em conjunto, revelam quatro pontos cujo cruzamento indica a localização de Laugh Tale.",,Road Poneglyphs|Laugh Tale,H-08,https://onepiece.fandom.com/wiki/Laugh_Tale
EV-0818-02,0818,cap 818,fala,canonico,"Os Poneglyphs foram inventados pelo clã Kouzuki, cujos ancestrais os esculpiram no fim do Século Perdido.",Nekomamushi|Kouzuki,Poneglyphs|Kouzuki|Seculo Perdido,H-17,https://onepiece.fandom.com/wiki/Poneglyph
EV-0818-03,0818,cap 818,narracao,canonico,"Sukiyaki, da família Kouzuki, herdou dos ancestrais a habilidade de ler e de escrever a língua dos Poneglyphs, e a transmitiu ao filho Oden.",Kouzuki Sukiyaki|Kouzuki Oden,Poneglyphs|leitura|Kouzuki|Wano,,https://onepiece.fandom.com/wiki/Kozuki_Sukiyaki
EV-0820-01,0820,cap 820,fala,ambiguo,"Inuarashi afirma que a ilha final da Grand Line, Lodestar, explicaria como buscar os quatro Road Poneglyphs, e Nami objeta que Crocus dissera que a ilha final era Laugh Tale.",Inuarashi|Nami|Crocus,Laugh Tale|Lodestar|Road Poneglyphs,,https://onepiece.fandom.com/wiki/Laugh_Tale
EV-0821-01,0821,cap 821,narracao,canonico,"Zunesha foi sentenciada a caminhar eternamente e a só agir sob ordem, como punição por um crime cometido há 800 anos.",Zunesha,Zunesha|Seculo Perdido|punicao,,https://onepiece.fandom.com/wiki/Zunesha
EV-0821-02,0821,cap 821,narracao,canonico,Zunesha possui a Voz de Todas as Coisas e só consegue falar telepaticamente com quem tem a mesma habilidade; foi assim que pediu a Momonosuke permissão para revidar.,Zunesha|Kouzuki Momonosuke,Zunesha|Voz de Todas as Coisas|Kouzuki Momonosuke,,https://onepiece.fandom.com/wiki/Zunesha
EV-0822-01,0822,cap 822,fala,canonico,Miyagi especula que Zunesha não caminha ao acaso e pode estar procurando um lugar determinado.,Miyagi|Zunesha,Zunesha|destino|Seculo Perdido,,https://onepiece.fandom.com/wiki/Zunesha
EV-0908-01,0908,cap 908,imagem,canonico,"Imu demonstra interesse particular por Vivi, descendente da rainha Lili de Arabasta.",Imu|Nefertari Vivi,Imu|Lili|Arabasta,,https://onepiece.fandom.com/wiki/Void_Century
EV-0966-01,0966,cap 966,fala,canonico,Roger especulou que o Governo Mundial proíbe a pesquisa dos Poneglyphs justamente para que ninguém chegue a Laugh Tale e encontre o que está escondido lá.,Gol D. Roger,Governo Mundial|Laugh Tale|Poneglyphs,H-02|H-08|H-11|H-13,https://onepiece.fandom.com/wiki/Laugh_Tale
EV-0966-02,0966,cap 966,narracao,canonico,"Treze anos antes do encontro com Barba Branca, a tripulação de Roger chegou a Lodestar, a última ilha do Novo Mundo que o Log Pose aponta, e descobriu ali que ainda existia uma ilha depois dela.",Gol D. Roger,Laugh Tale|Lodestar|navegacao,,https://onepiece.fandom.com/wiki/Chapter_966
EV-0966-03,0966,cap 966,narracao,canonico,"O Log Pose não consegue travar em Laugh Tale, e o motivo não é explicado.",,Laugh Tale|navegacao|Log Pose,,https://onepiece.fandom.com/wiki/Chapter_966
EV-0966-04,0966,cap 966,fala,canonico,"Roger concluiu que só alcançaria a última ilha com a informação gravada nos Poneglyphs, e apresentou a Barba Branca e a Oden a transcrição de um deles.",Gol D. Roger|Kouzuki Oden|Edward Newgate,Poneglyphs|Laugh Tale|navegacao,,https://onepiece.fandom.com/wiki/Chapter_966
EV-0966-05,0966,cap 966,fala,canonico,"Roger pediu a Barba Branca que lhe emprestasse Oden por um ano, com a finalidade declarada de decifrar os Road Poneglyphs.",Gol D. Roger|Kouzuki Oden|Edward Newgate,Road Poneglyphs|Laugh Tale|Oden,,https://onepiece.fandom.com/wiki/Chapter_966
EV-0966-06,0966,cap 966,fala,canonico,"Segundo Oden, a língua antiga dos Poneglyphs é uma cifra secreta ensinada a apenas um filho da família Kouzuki.",Kouzuki Oden,Poneglyphs|Kouzuki|escrita antiga,,https://onepiece.fandom.com/wiki/Chapter_966
EV-0966-07,0966,cap 966,narracao,canonico,Roger localizou o Poneglyph de Skypiea ouvindo as vozes que vinham de dentro dele.,Gol D. Roger,Poneglyphs|vozes|Skypiea,,https://onepiece.fandom.com/wiki/Chapter_966
EV-0966-08,0966,cap 966,narracao,canonico,"Foi Oden quem gravou, na escrita antiga, a mensagem que Roger ditou junto ao Poneglyph do sino de ouro de Shandora, registrando que estivera ali.",Kouzuki Oden|Gol D. Roger,Poneglyphs|escrita antiga|Skypiea|mensagem,,https://onepiece.fandom.com/wiki/Chapter_966
EV-0967-02,0967,cap 967,narracao,canonico,Joy Boy deixou Poneglyphs descrevendo o paradeiro das armas ancestrais.,Joy Boy,Poneglyphs|armas ancestrais|Joy Boy,H-06,https://onepiece.fandom.com/wiki/Joy_Boy
EV-0967-03,0967,cap 967,fala,ambiguo,"Em Laugh Tale, Roger se dirige a Joy Boy e nomeia duas coisas na mesma fala: o tesouro inacreditável que ele deixou e o inacreditável laugh tale.",Gol D. Roger|Joy Boy,Laugh Tale|tesouro|riso,H-04|H-13,https://thelibraryofohara.com/2022/01/04/what-is-the-one-piece-the-ultimate-one-piece-theory/
EV-0967-04,0967,cap 967,narracao,canonico,A canção Binks' Sake toca ao longo de todo o capítulo em que a tripulação de Roger chega a Laugh Tale.,Gol D. Roger,Binks' Sake|Laugh Tale|riso,H-11|H-12,https://thelibraryofohara.com/2022/01/04/what-is-the-one-piece-the-ultimate-one-piece-theory/
EV-0967-05,0967,cap 967,fala,canonico,"Rayleigh garantiu a Netuno que a tripulação de Roger não estava atrás da arma ancestral, e sim do tesouro de quem criou a arma.",Silvers Rayleigh|Neptune,armas ancestrais|tesouro|Joy Boy|Laugh Tale,,https://onepiece.fandom.com/wiki/Chapter_967
EV-0967-06,0967,cap 967,narracao,canonico,"A arma ancestral Poseidon não estava na Ilha dos Homens-Peixe quando a tripulação de Roger chegou, apesar de o Poneglyph de Skypiea indicar que ela estaria lá.",Gol D. Roger|Neptune,Poseidon|armas ancestrais|Poneglyphs|Ilha dos Homens-Peixe,,https://onepiece.fandom.com/wiki/Chapter_967
EV-0967-07,0967,cap 967,fala,canonico,"Netuno, que ainda nem era casado, concluiu diante dos Piratas de Roger que sua futura filha seria a Poseidon, apoiado na previsão de Shyarly de que nasceria em breve uma sereia capaz de falar com os Reis do Mar.",Neptune|Shyarly|Gol D. Roger,Poseidon|profecia|Ilha dos Homens-Peixe,,https://onepiece.fandom.com/wiki/Chapter_967
EV-0967-08,0967,cap 967,narracao,canonico,"Oden registrou por escrito que, na ilha final, a tripulação descobriu as verdades sobre o Século Perdido, sobre o significado do D. e sobre as armas ancestrais.",Kouzuki Oden|Gol D. Roger,Seculo Perdido|Vontade de D.|armas ancestrais|Laugh Tale|diario de Oden,,https://onepiece.fandom.com/wiki/Chapter_967
EV-0967-09,0967,cap 967,narracao,canonico,Na ilha final Oden aprendeu que Wano já estivera conectada ao resto do mundo.,Kouzuki Oden,Wano|isolamento|Seculo Perdido|Laugh Tale,,https://onepiece.fandom.com/wiki/Chapter_967
EV-0967-10,0967,cap 967,narracao,canonico,O tesouro encontrado na ilha final tinha sido deixado ali por Joy Boy oitocentos anos antes.,Joy Boy|Gol D. Roger,Laugh Tale|Joy Boy|tesouro|Seculo Perdido,,https://onepiece.fandom.com/wiki/Roger_Pirates
EV-0967-11,0967,cap 967,narracao,canonico,"A tripulação de Roger gargalha ao encontrar o tesouro em Laugh Tale, e Roger comenta que chegaram cedo demais.",Gol D. Roger|Rayleigh|Oden,Laugh Tale|One Piece|riso|Joy Boy,H-03|H-03|H-04|H-15,https://onepiece.fandom.com/wiki/Chapter_967
EV-0967-12,0967,cap 967,narracao,traducao_disputada,"O nome Laugh Tale foi dado pelo próprio Roger, em referência ao que a paráfrase em inglês chama de uma história de rir.",Gol D. Roger,Laugh Tale|nome|riso|traducao,,https://onepiece.fandom.com/wiki/Chapter_967
EV-0968-01,0968,cap 968,fala,canonico,"Roger e Oden ouviram os Reis do Mar falarem do nascimento, dali a 25 anos, de alguém que os lideraria, junto com a nova Poseidon.",Gol D. Roger|Kouzuki Oden,tempo determinado|Poseidon|Reis do Mar,H-08,https://onepiece.fandom.com/wiki/Joy_Boy
EV-0968-02,0968,cap 968,narracao,canonico,"Ao saber que tinham chegado cedo demais, Roger planejou gerar um filho que encontrasse o One Piece depois dele.",Gol D. Roger|Portgas D. Ace,cedo demais|sucessao|One Piece,H-08,https://onepiece.fandom.com/wiki/Gol_D._Roger
EV-0968-03,0968,cap 968,narracao,canonico,"Ao completar o feito, Roger dá uma grande festa com a tripulação, trocando bebidas com todos.",Gol D. Roger,festa|sake|Laugh Tale,H-11,https://onepiece.fandom.com/wiki/Gol_D._Roger
EV-0968-04,0968,cap 968,narracao,canonico,"Foi o mundo, e não Roger, que deu o nome de One Piece ao conjunto de tudo o que ele obteve na viagem final.",Gol D. Roger,One Piece|nome|Era dos Piratas,,https://onepiece.fandom.com/wiki/Chapter_968
EV-0968-05,0968,cap 968,narracao,canonico,"Roger se irritou por o Governo Mundial divulgar seu nome como Gold Roger, escondendo o Gol D., mas disse compreender o motivo do encobrimento à luz do que a tripulação aprenderá em Laugh Tale.",Gol D. Roger|Governo Mundial,Vontade de D.|Governo Mundial|Laugh Tale|apagamento,,https://onepiece.fandom.com/wiki/Chapter_968
EV-0968-06,0968,cap 968,fala,canonico,"Ao ser deixado em Wano pela tripulação, Oden declarou que abriria as fronteiras do país antes do dia em que Joy Boy aparecer.",Kouzuki Oden|Joy Boy,Wano|fronteiras|Joy Boy|retorno,,https://onepiece.fandom.com/wiki/Chapter_968
EV-0968-07,0968,cap 968,narracao,canonico,"Oden recusou a oferta dos Piratas de Roger de ajudá-lo a abrir as fronteiras de Wano e decidiu realizar isso por dentro, tornando-se shogun com o apoio de seus retainers.",Kouzuki Oden,Wano|fronteiras|sucessao,,https://onepiece.fandom.com/wiki/Kozuki_Oden
EV-0968-08,0968,cap 968,narracao,canonico,"Os diários de Oden contradizem o que o capítulo mostra: ele escreveu que nenhuma lágrima foi derramada na despedida de Roger e que a sua própria despedida foi com sorrisos, enquanto os painéis mostram a tripulação em prantos nas duas cenas.",Kouzuki Oden,diario de Oden|confiabilidade|riso,,https://onepiece.fandom.com/wiki/Chapter_968
EV-0969-01,0969,cap 969,narracao,canonico,"Ao receber a notícia da execução de Roger, Oden chorou e riu ao mesmo tempo, maravilhado com os feitos de Roger em vida.",Kouzuki Oden|Gol D. Roger,riso|Oden|execucao,,https://onepiece.fandom.com/wiki/Gol_D._Roger
EV-0972-01,0972,cap 972,fala,canonico,"Ao aprender a verdadeira história, Roger riu e declarou que gostaria de ter vivido na mesma época que Joy Boy.",Gol D. Roger|Joy Boy,riso|Joy Boy|Laugh Tale,H-02|H-05,https://onepiece.fandom.com/wiki/Joy_Boy
EV-0972-02,0972,cap 972,narracao,canonico,"Os Piratas de Roger leram a mensagem em Laugh Tale, aprenderam a verdadeira história e decidiram deixar tudo como estava ao perceber que tinham chegado cedo demais.",Gol D. Roger,Laugh Tale|cedo demais|mensagem,H-01|H-02|H-07|H-11,https://onepiece.fandom.com/wiki/Joy_Boy
EV-0972-03,0972,cap 972,fala,canonico,"Oden revelou publicamente, da panela de execução, que foi a própria família Kouzuki que fechou Wano ao resto do mundo, para proteger o país de uma grande força externa.",Kouzuki Oden,Wano|isolamento|Kouzuki|ameaca,,https://onepiece.fandom.com/wiki/Chapter_972
EV-0972-04,0972,cap 972,fala,canonico,"Oden afirmou que Wano e o mundo inteiro aguardam a chegada de uma figura ligada a um intervalo de oitocentos anos, e que, quando ela aparecer, Wano deve recebê-la e trabalhar ao lado dela.",Kouzuki Oden,Joy Boy|retorno|Wano|oitocentos anos,,https://onepiece.fandom.com/wiki/Chapter_972
EV-0972-05,0972,cap 972,fala,canonico,"Certo de que seria morto, Oden pediu aos seus retainers que abrissem as fronteiras de Wano em seu lugar.",Kouzuki Oden,Wano|fronteiras|heranca,,https://onepiece.fandom.com/wiki/Chapter_972
EV-0972-06,0972,cap 972,narracao,canonico,"Na carta deixada a Toki, Oden previu que em vinte anos estouraria uma guerra e que chegaria ao Novo Mundo uma força capaz de derrubar Kaidou, e pediu que ela usasse seu poder em função disso.",Kouzuki Oden|Kouzuki Toki,previsao|tempo determinado|Wano,,https://onepiece.fandom.com/wiki/Chapter_972
EV-0972-07,0972,cap 972,narracao,canonico,O plano de Toki usar a Toki Toki no Mi para enviar pessoas vinte anos ao futuro foi concebido por Oden.,Kouzuki Oden|Kouzuki Toki,salto temporal|Wano|plano,,https://onepiece.fandom.com/wiki/Chapter_972
EV-0973-01,0973,cap 973,narracao,canonico,"Com o castelo em chamas, Toki enviou Momonosuke e quatro dos retainers vinte anos ao futuro e ficou para trás, em vez de fugir com eles para Zou.",Kouzuki Toki|Kouzuki Momonosuke,salto temporal|Wano|Kouzuki,,https://onepiece.fandom.com/wiki/Chapter_973
EV-0973-02,0973,cap 973,narracao,canonico,"Ferida e prestes a morrer, Toki cavalgou até Bakura Town e proferiu publicamente uma profecia diante dos cidadãos, e Orochi passou a temer o que ela anunciou.",Kouzuki Toki|Kurozumi Orochi,profecia|Wano|Toki,,https://onepiece.fandom.com/wiki/Chapter_973
EV-0973-03,0973,cap 973,narracao,ambiguo,"Seguidores dos Kouzuki e o próprio Orochi entenderam a profecia de Toki como o anúncio de que, dali a vinte anos, nove sombras vingariam Oden, derrubariam Orochi e abririam as fronteiras de Wano.",Kouzuki Toki|Kurozumi Orochi,profecia|Wano|fronteiras|nove sombras,,https://onepiece.fandom.com/wiki/Amatsuki_Toki
EV-0973-04,0973,cap 973,narracao,canonico,"Toki nasceu por volta de oitocentos e trinta anos antes do presente, dentro do Século Perdido, e chegou à era atual saltando repetidamente para frente no tempo sempre que corria perigo.",Kouzuki Toki,Seculo Perdido|salto temporal|Toki,,https://onepiece.fandom.com/wiki/Amatsuki_Toki
EV-0973-05,0973,"wiki Kouzuki Toki, secao Devil Fruit",narracao,ambiguo,O poder da Toki Toki no Mi funciona numa direção só: envia pessoas anos ou décadas para o futuro e nunca de volta ao passado.,Kouzuki Toki,salto temporal|akuma no mi|tempo,,https://onepiece.fandom.com/wiki/Amatsuki_Toki
EV-0973-06,0973,cap 973,narracao,ambiguo,"Toki pertencia à família daimyo Amatsuki e, ainda assim, não conhecia sua terra de origem; o que ela buscava ao viajar era chegar a Wano.",Kouzuki Toki,Seculo Perdido|Wano|Toki|memoria,,https://onepiece.fandom.com/wiki/Amatsuki_Toki
EV-0973-07,0973,cap 973,narracao,canonico,"Durante a viagem com os Piratas de Roger, Oden ergueu Momonosuke para lhe mostrar o horizonte, dizendo que aquilo era apenas uma parte mínima do mundo que existe fora de Wano, e passou a lhe ensinar diversas matérias.",Kouzuki Oden|Kouzuki Momonosuke,Momonosuke|transmissao|Wano,,https://onepiece.fandom.com/wiki/Chapter_973
EV-1000-01,1000,cap 1000,narracao,canonico,"O título completo do capítulo 1000 é o sake que preparei enquanto esperava por você, Luffy Chapéu de Palha.",Monkey D. Luffy,sake|espera|Luffy,H-11,https://onepiece.fandom.com/wiki/Chapter_1000
EV-1000-02,1000,cap 1000,fala,canonico,"Ace revela a Yamato o objetivo que está no fim do sonho de Luffy, e Yamato reconhece que bate com o que Oden registrara no diário sobre o que Roger dissera.",Portgas D. Ace|Yamato|Kouzuki Oden,sonho|Roger|Luffy,,https://onepiece.fandom.com/wiki/Portgas_D._Ace
EV-1014-01,1014,cap 1014,fala,canonico,Kaidou afirma que Luffy não conseguiu se tornar o novo Joy Boy.,Kaidou|Monkey D. Luffy,Joy Boy|Luffy|fracasso,,https://onepiece.fandom.com/wiki/Joy_Boy
EV-1023-01,1023,cap 1023,fala,canonico,"Barba Branca contou a Marco que existiu um Kami no Kuni, um país dos deuses, no alto da Red Line muito antes de Mary Geoise existir.",Edward Newgate|Marco,Red Line|Mary Geoise|Lunarians|deuses,H-14,https://onepiece.fandom.com/wiki/Lunarians
EV-1033-01,1033,cap 1033,fala,canonico,Queen afirma que os Lunarians eram chamados de deuses num passado distante e sobrevivem em qualquer ambiente natural.,Queen,Lunarians|deuses|lua,H-14|H-16,https://onepiece.fandom.com/wiki/Lunarians
EV-1037-01,1037,cap 1037,fala,canonico,"Um dos Cinco Anciãos questiona se a fruta de Nika não seria apenas lenda, já que não desperta há séculos, e cogita que a própria fruta esteja fugindo deles.",Cinco Anciaos,Nika|Akuma no Mi|Governo Mundial,H-10,https://onepiece.fandom.com/wiki/Nika
EV-1037-02,1037,cap 1037,narracao,canonico,Zunesha chegou às águas próximas de Wano e ali encontrou uma grande frota de navios do Governo Mundial.,Zunesha,Zunesha|Wano|Governo Mundial,,https://onepiece.fandom.com/wiki/Zunesha
EV-1040-01,1040,cap 1040,narracao,canonico,Joy Boy foi camarada de Zunesha durante sua vida.,Joy Boy|Zunesha,Joy Boy|Zunesha,,https://onepiece.fandom.com/wiki/Joy_Boy
EV-1041-01,1041,cap 1041,fala,canonico,"Zunesha declarou a Momonosuke, pela Voz de Todas as Coisas, que lutaria sob o comando dele e que abriria as fronteiras de Wano.",Zunesha|Kouzuki Momonosuke,Zunesha|Wano|fronteiras|Kouzuki Momonosuke,,https://onepiece.fandom.com/wiki/Zunesha
EV-1043-01,1043,cap 1043,narracao,canonico,"Inconsciente, o batimento cardíaco de Luffy adquiriu as qualidades dos Tambores da Libertação, e Zunesha declarou que Joy Boy tinha retornado.",Monkey D. Luffy|Zunesha,Tambores da Libertacao|Joy Boy|retorno,H-10,https://onepiece.fandom.com/wiki/Joy_Boy
EV-1046-01,1046,cap 1046,fala,canonico,"Zunesha comparou Luffy ao Joy Boy que conheceu no passado e afirmou que aquilo era o destino do garoto, depositando confiança nele.",Zunesha|Monkey D. Luffy|Joy Boy,Zunesha|Joy Boy|Monkey D. Luffy|destino,,https://onepiece.fandom.com/wiki/Zunesha
EV-1050-01,1050,cap 1050,narracao,canonico,"Depois da derrota de Kaidou, Momonosuke decidiu não abrir ainda as fronteiras de Wano e comunicou a decisão a Zunesha.",Kouzuki Momonosuke|Zunesha,Wano|fronteiras|Kouzuki Momonosuke|Zunesha,,https://onepiece.fandom.com/wiki/Zunesha
EV-1052-01,1052,cap 1052,narracao,canonico,"Em respeito à decisão de Momonosuke, Zunesha deixou as águas de Wano e sumiu na neblina próxima.",Zunesha|Kouzuki Momonosuke,Zunesha|Wano,,https://onepiece.fandom.com/wiki/Zunesha
EV-1053-01,1053,cap 1053,narracao,canonico,"Pluton repousa numa caverna secreta ao pé do Monte Fuji submerso na antiga Wano, abaixo da caverna onde fica o Road Poneglyph do país.",Kouzuki Sukiyaki|Nico Robin,Pluton|Wano|Road Poneglyph,H-06,https://onepiece.fandom.com/wiki/Ancient_Weapons
EV-1053-02,1053,cap 1053,narracao,canonico,O cômodo do porão do castelo do xogum onde Orochi manteve Sukiyaki preso por anos abriga um Poneglyph.,Kouzuki Sukiyaki|Kurozumi Orochi|Nico Robin,Poneglyphs|Wano|Kouzuki Sukiyaki,,https://onepiece.fandom.com/wiki/Chapter_1053
EV-1053-03,1053,cap 1053,fala,canonico,Robin afirma que o Poneglyph do Reino de Arabasta indicava que a arma ancestral Pluton está em Wano.,Nico Robin,Pluton|Poneglyphs|Arabasta|Wano|armas ancestrais,,https://onepiece.fandom.com/wiki/Chapter_1053
EV-1053-04,1053,cap 1053,fala,canonico,Sukiyaki confirma a Robin que Pluton está de fato em Wano.,Kouzuki Sukiyaki|Nico Robin,Pluton|Wano|armas ancestrais,,https://onepiece.fandom.com/wiki/Chapter_1053
EV-1053-05,1053,cap 1053,narracao,canonico,"Tenguyama Hitetsu tira a máscara diante de Robin e se revela como Kouzuki Sukiyaki, o ex-xogum que Orochi deu por morto.",Kouzuki Sukiyaki|Nico Robin,Kouzuki Sukiyaki|Wano|Kouzuki,,https://onepiece.fandom.com/wiki/Chapter_1053
EV-1055-01,1055,cap 1055,narracao,canonico,Abrir as fronteiras de Wano significa literalmente derrubar as muralhas montanhosas e liberar Pluton.,Kouzuki Oden,Wano|Pluton|Joy Boy,,https://onepiece.fandom.com/wiki/Ancient_Weapons
EV-1055-02,1055,cap 1055,narracao,canonico,"Abaixo do castelo, atrás de uma janela de vidro, há uma cidade inteira submersa e preservada, que Sukiyaki identifica como a Wano de 800 anos atrás.",Kouzuki Sukiyaki|Nico Robin|Trafalgar Law,Wano|cidade submersa|Seculo Perdido|afundamento,,https://onepiece.fandom.com/wiki/Chapter_1055
EV-1055-03,1055,cap 1055,fala,canonico,Sukiyaki declara não saber como a antiga Wano acabou submersa.,Kouzuki Sukiyaki,Wano|cidade submersa|afundamento,,https://onepiece.fandom.com/wiki/Chapter_1055
EV-1055-04,1055,cap 1055,fala,canonico,"Sukiyaki propõe que a antiga Wano ficava ao nível do mar na base do Monte Fuji e afundou porque as muralhas erguidas na fronteira impediram a água da chuva de escoar, o que levou a população a se instalar na encosta.",Kouzuki Sukiyaki,Wano|cidade submersa|afundamento|muralhas,,https://onepiece.fandom.com/wiki/Chapter_1055
EV-1055-05,1055,cap 1055,narracao,canonico,"Sukiyaki conduz Robin e Law por uma escada que desce do quarto secreto até a câmara subterrânea onde está o Road Poneglyph de Wano, abaixo da cidade submersa.",Kouzuki Sukiyaki|Nico Robin|Trafalgar Law,Road Poneglyph|Wano|Poneglyphs,,https://onepiece.fandom.com/wiki/Chapter_1055
EV-1055-06,1055,cap 1055,narracao,canonico,"Com a leitura do Road Poneglyph de Wano, os Chapéus de Palha passam a conhecer três dos quatro necessários para chegar a Laugh Tale.",Nico Robin|Chapeus de Palha,Road Poneglyph|Laugh Tale|Poneglyphs,,https://onepiece.fandom.com/wiki/Chapter_1055
EV-1055-07,1055,cap 1055,fala,canonico,"Sukiyaki diz que Pluton está um pouco mais abaixo, mas que ele próprio nunca a viu e não pode mostrá-la.",Kouzuki Sukiyaki,Pluton|Wano|armas ancestrais,,https://onepiece.fandom.com/wiki/Chapter_1055
EV-1055-08,1055,cap 1055,fala,canonico,"Sukiyaki admite que Kaidou e Orochi souberam do Poneglyph subterrâneo porque Jack, por ser homem-peixe, podia explorar as ruínas submersas.",Kouzuki Sukiyaki|Jack|Kaidou|Kurozumi Orochi,Road Poneglyph|Wano|Poneglyphs,,https://onepiece.fandom.com/wiki/Chapter_1055
EV-1055-09,1055,cap 1055,fala,canonico,"Robin questiona por que Oden queria abrir as fronteiras de Wano, se abri-las significava soltar Pluton no mundo.",Nico Robin|Kouzuki Oden,Pluton|Wano|fronteiras|Kouzuki Oden,,https://onepiece.fandom.com/wiki/Chapter_1055
EV-1055-10,1055,cap 1055,fala,canonico,Sukiyaki diz que tudo o que contou lhe foi transmitido pela linha do xogunato e que desconhece o que Oden aprendeu nas viagens fora de Wano.,Kouzuki Sukiyaki|Kouzuki Oden,Wano|Kouzuki|Seculo Perdido|transmissao,,https://onepiece.fandom.com/wiki/Chapter_1055
EV-1056-01,1056,cap 1056,fala,canonico,"Robin conta aos Chapéus de Palha que Pluton existe e está em Wano, mas que ela mesma não chegou a vê-la.",Nico Robin,Pluton|Wano|armas ancestrais,,https://onepiece.fandom.com/wiki/Chapter_1056
EV-1056-02,1056,cap 1056,fala,canonico,"Perguntado por Robin se quer obter Pluton, Luffy recusa, dizendo que não precisa dela.",Monkey D. Luffy|Nico Robin,Pluton|armas ancestrais|Monkey D. Luffy,,https://onepiece.fandom.com/wiki/Chapter_1056
EV-1056-03,1056,cap 1056,narracao,canonico,Caribou escuta escondido a conversa e decide levar a certa pessoa não identificada a informação sobre Pluton e sobre Poseidon.,Caribou,Pluton|Poseidon|armas ancestrais|Caribou,,https://onepiece.fandom.com/wiki/Chapter_1056
EV-1056-04,1056,cap 1056,narracao,canonico,Law entrega aos Piratas de Kid uma cópia em papel do Road Poneglyph de Wano.,Trafalgar Law|Eustass Kid,Road Poneglyph|Poneglyphs|Laugh Tale,,https://onepiece.fandom.com/wiki/Chapter_1056
EV-1056-05,1056,cap 1056,fala,canonico,"Killer afirma que, para disputar o One Piece, os Piratas de Kid precisam encontrar um homem com marca de queimadura.",Killer|Eustass Kid,One Piece|Laugh Tale|Poneglyphs,,https://onepiece.fandom.com/wiki/Chapter_1056
EV-1056-06,1056,cap 1056,narracao,canonico,Sukiyaki se revela aos netos e aos retentores e diz que passará alguns conhecimentos a Momonosuke antes de voltar de vez à reclusão.,Kouzuki Sukiyaki|Kouzuki Momonosuke|Kouzuki Hiyori,Kouzuki|Wano|transmissao,,https://onepiece.fandom.com/wiki/Chapter_1056
EV-1065-01,1065,cap 1065,fala,canonico,"Vegapunk teoriza que o Reino Antigo era, 900 anos atrás, uma civilização tecnologicamente muito mais avançada que a do presente.",Vegapunk,Reino Antigo|tecnologia,H-03|H-07,https://onepiece.fandom.com/wiki/Great_Kingdom
EV-1066-01,1066,cap 1066,narracao,canonico,"Qualquer conhecimento dos eventos reais do Século Perdido é tratado como sentença de morte pelo Governo Mundial, independente da filiação de quem sabe.",,Governo Mundial|Seculo Perdido,H-12,https://onepiece.fandom.com/wiki/Void_Century
EV-1066-02,1066,cap 1066,narracao,canonico,Os livros que os arqueólogos de Ohara jogaram no lago foram recolhidos por gigantes liderados por Jaguar D. Saul e levados para Elbaf.,Jaguar D. Saul|Vegapunk|Monkey D. Dragon,Ohara|biblioteca|Elbaf,H-04,https://onepiece.fandom.com/wiki/Chapter_1066
EV-1066-03,1066,cap 1066,fala,canonico,"Vegapunk visitou Elbaf em segredo e leu os livros salvos de Ohara, e por isso conhece a verdadeira história.",Vegapunk|Nico Robin,Ohara|verdadeira historia|Elbaf,H-04,https://onepiece.fandom.com/wiki/Chapter_1066
EV-1066-04,1066,cap 1066,fala,canonico,Shaka afirma que o Governo Mundial tentou apagar todo conhecimento do Reino Antigo com a intenção de que absolutamente ninguém carregasse os ideais dele.,Vegapunk|Nico Robin,Reino Antigo|ideais|Governo Mundial,H-02|H-04|H-05|H-09,https://onepiece.fandom.com/wiki/Chapter_1066
EV-1069-01,1069,cap 1069,fala,canonico,"Segundo Vegapunk, a existência de Nika só está registrada nos textos mais antigos, tendo sido apagada dos documentos modernos.",Vegapunk,Nika|apagamento|textos antigos,H-10,https://onepiece.fandom.com/wiki/Nika
EV-1084-01,1084,cap 1084,narracao,canonico,"Lili, rainha de Arabasta no Século Perdido, foi a única dos vinte soberanos a não se mudar para Mary Geoise, e desapareceu antes de voltar para casa; seus registros foram apagados.",Nefertari Lili,Lili|Arabasta|vinte reinos,H-09,https://onepiece.fandom.com/wiki/Void_Century
EV-1085-01,1085,cap 1085,fala,canonico,Imu afirma que a Vontade de D. tem alguma relação com o Reino Antigo.,Imu,Vontade de D.|Reino Antigo,H-09,https://onepiece.fandom.com/wiki/Great_Kingdom
EV-1085-02,1085,cap 1085,narracao,canonico,Imu se interessa por Lili por causa de um erro dela que levou os Poneglyphs a se espalharem pelo mundo.,Imu|Nefertari Lili,Lili|Poneglyphs|Imu,H-17,https://onepiece.fandom.com/wiki/Void_Century
EV-1085-03,1085,cap 1085,narracao,canonico,O ato de Lili de espalhar os Poneglyphs pelo mundo é tido como o que influenciou piratas a persegui-los em busca de tesouro.,Nefertari Lili,Lili|Poneglyphs|Era dos Piratas,H-02|H-05|H-17,https://onepiece.fandom.com/wiki/Great_Pirate_Era
EV-1086-01,1086,cap 1086,fala,canonico,Dragon estranha que o Governo só agora tenha usado uma arma capaz de apagar o Reino de Lulusia em segundos.,Monkey D. Dragon|Emporio Ivankov,armas ancestrais|Lulusia|Governo Mundial,H-06,https://onepiece.fandom.com/wiki/Ancient_Weapons
EV-1089-01,1089,cap 1089,narracao,canonico,"York roubou uma amostra da Mother Flame e a enviou aos Cinco Anciãos e a Imu, que a usaram para energizar uma arma ancestral desconhecida.",York|Imu|Cinco Anciaos,Mother Flame|armas ancestrais|Uranus,H-06,https://onepiece.fandom.com/wiki/Mother_Flame
EV-1113-02,1113,cap 1113,fala,canonico,Vegapunk anuncia ao mundo que o nível do mar vai subir e que o mundo enfrentará um afundamento global.,Vegapunk,Século Perdido|afundamento|profecia,H-04,https://onepiece.fandom.com/wiki/Chapter_1113
EV-1114-01,1114,cap 1114,fala,canonico,"Vegapunk revela ao mundo que Joy Boy veio do Reino Antigo, foi o primeiro pirata da história e portava a Hito Hito no Mi Modelo Nika.",Vegapunk|Joy Boy,Joy Boy|Reino Antigo|Nika,H-04|H-09,https://onepiece.fandom.com/wiki/Void_Century
EV-1115-01,1115,cap 1115,fala,canonico,Vegapunk conclui que o uso das armas ancestrais elevou o nível do mar em 200 metros e que as ilhas de hoje são os topos dos continentes submersos.,Vegapunk,afundamento|armas ancestrais|geografia,H-07|H-13|H-14,https://onepiece.fandom.com/wiki/Void_Century
EV-1115-02,1115,cap 1115,fala,canonico,"Como as armas ancestrais ainda existem e esperam para se erguer de novo, Vegapunk conclui que a Grande Guerra do Século Perdido nunca chegou ao fim.",Vegapunk,Grande Guerra|armas ancestrais|Seculo Perdido,H-14,https://onepiece.fandom.com/wiki/Void_Century
EV-1115-03,1115,cap 1115,fala,canonico,"A derrota de Joy Boy marcou o fim do Reino Antigo e, com ele, o fim do Século Perdido.",Joy Boy,Joy Boy|Reino Antigo|Seculo Perdido,H-09,https://onepiece.fandom.com/wiki/Void_Century
EV-1116-01,1116,cap 1116,fala,canonico,"Joy Boy teve papel na preservação das três armas ancestrais para que gerações futuras pudessem acessá-las e usá-las, por razões até hoje desconhecidas.",Joy Boy|Vegapunk,armas ancestrais|Joy Boy|heranca,H-03|H-05|H-06|H-15,https://onepiece.fandom.com/wiki/Ancient_Weapons
EV-1116-02,1116,cap 1116,fala,canonico,"A Mother Flame, chama que Vegapunk criou para ser um sol próprio e fonte de energia ilimitada, está incompleta.",Vegapunk,Mother Flame|energia|sol,H-03,https://onepiece.fandom.com/wiki/Mother_Flame
EV-1117-01,1117,cap 1117,narracao,canonico,Os Cinco Anciãos interromperam parte da transmissão global de Vegapunk a qualquer custo.,Cinco Anciaos|Vegapunk,transmissao|Governo Mundial|censura,H-04,https://onepiece.fandom.com/wiki/Void_Century
EV-1120-01,1120,cap 1120,fala,canonico,Clou D. Clover e seu irmão mais velho carregavam o nome secreto D.; o irmão foi morto por causa disso e Clover sobreviveu negando o parentesco.,Clou D. Clover|Vegapunk,Vontade de D.|Ohara|linhagem,H-09,https://onepiece.fandom.com/wiki/Chapter_1120
EV-1120-02,1120,cap 1120,fala,canonico,Clover afirma que se dedicou a desenterrar a verdade do mundo por não aceitar um mundo em que alguém é morto por causa do próprio nome.,Clou D. Clover|Vegapunk,Vontade de D.|Ohara|Seculo Perdido,H-09,https://onepiece.fandom.com/wiki/Chapter_1120
EV-1120-03,1120,cap 1120,fala,canonico,"Vegapunk afirma que o Governo Mundial deixou Clover vivo por tantos anos de propósito, para segui-lo até seus colegas e eliminar todos de uma vez.",Vegapunk|Clou D. Clover,Governo Mundial|Ohara|Buster Call,H-04,https://onepiece.fandom.com/wiki/Chapter_1120
EV-1121-01,1121,cap 1121,fala,canonico,"Vegapunk afirma que o destino do mundo será decidido por quem conseguir reivindicar o One Piece, e que quem o encontrar pode não ser aquele que Joy Boy esperava.",Vegapunk|Joy Boy,One Piece|destino|Joy Boy,H-01|H-02|H-04|H-05|H-11|H-13|H-15,https://onepiece.fandom.com/wiki/Void_Century
EV-1122-01,1122,cap 1122,fala,canonico,"Emet, o gigante de ferro que conheceu pessoalmente o Joy Boy original, chama Luffy de Joy Boy.",Emet|Monkey D. Luffy|Joy Boy,Joy Boy|Emet|retorno,H-10,https://onepiece.fandom.com/wiki/Joy_Boy
EV-1122-02,1122,cap 1122,narracao,canonico,"Joy Boy selou parte do seu Haki do Conquistador dentro de Emet, atado em nó, para ser liberado séculos depois se o robô estivesse em perigo mortal.",Joy Boy|Emet,Joy Boy|Haki|Emet|heranca,H-02|H-05,https://onepiece.fandom.com/wiki/Joy_Boy
EV-1125-01,1125,cap 1125,narracao,canonico,"Um robô gigante blindado criado no início do Século Perdido subiu a Red Line e invadiu Mary Geoise 200 anos atrás, perdendo energia antes de causar dano.",Emet,Emet|Mary Geoise|Seculo Perdido,,https://onepiece.fandom.com/wiki/Void_Century
EV-1125-02,1125,cap 1125,fala,canonico,"Vegapunk nunca conseguiu replicar a energia antiga que move o robô Emet, comum no Século Perdido, e a máquina só voltou à vida quando os Tambores da Libertação soaram.",Vegapunk|Emet,energia antiga|tecnologia|Tambores da Libertacao,H-03|H-10|H-15,https://onepiece.fandom.com/wiki/Void_Century
EV-1125-03,1125,cap 1125,narracao,canonico,"Escravos constroem há 700 anos as megaestruturas Tequila Wolf, Vodka Wolf, Rum Wolf e Bourbon Wolf por encomenda dos Nobres Mundiais.",,Governo Mundial|afundamento|escravidao,H-07,https://onepiece.fandom.com/wiki/Void_Century
EV-1131-01,1131,cap 1131,narracao,canonico,"A Árvore Adam de Elbaf tem três níveis habitados com nomes próprios: o Submundo na base da ilha, o Mundo do Sol nos galhos médios e o Mundo Celeste na copa.",,Elbaf|Arvore Adam|Harley|tres mundos,H-14,https://onepiece.fandom.com/wiki/Treasure_Tree_Adam
EV-1136-01,1136,cap 1136,narracao,canonico,"O Harley, texto religioso de Elbaf, divide sua história em três Mundos, sendo que o Segundo Mundo corresponde ao Século Perdido.",Jarul,Harley|Elbaf|profecia|Seculo Perdido,H-14,https://onepiece.fandom.com/wiki/Harley
EV-1138-01,1138,cap 1138,imagem,ambiguo,"O mural esculpido na casca fossilizada da Árvore Adam em Elbaf parece representar visualmente o texto do Harley, que registra dois mundos já passados e um ainda por ocorrer.",Ripley,Harley|mural|Elbaf|profecia,,https://onepiece.fandom.com/wiki/Void_Century
EV-1138-02,1138,cap 1138,imagem,ambiguo,"Na porção do Terceiro Mundo do mural aparece uma figura de Nika ao centro, cercada por representantes de várias raças e por barcos, enfrentando uma figura demoníaca que segura o Sol enquanto os demais tentam libertá-lo.",Monkey D. Luffy|Emet,mural|profecia|Elbaf|racas,,https://thelibraryofohara.com/2025/01/30/chapter-secrets-one-piece-chapter-1138-giga-analysis/
EV-1138-03,1138,cap 1138,narracao,traducao_disputada,"No texto do Terceiro Mundo do Harley, o deus do sol dança e ri guiando o mundo ao seu fim, o sol retorna trazendo uma nova manhã, e diz-se que dessa vez eles certamente se encontrarão.",,Harley|profecia|sol|fim do mundo,H-08|H-11,https://onepiece.fandom.com/wiki/Harley
EV-1138-04,1138,cap 1138,narracao,ambiguo,"No verso do Terceiro Mundo do Harley, o dia esperado é escrito com o termo Dia da Promessa, o mesmo termo que a obra usa para o dia em que Noah cumprirá seu propósito.",,Harley|Dia da Promessa|Noah|profecia,H-08,https://thelibraryofohara.com/2025/02/06/a-complete-translation-breakdown-of-the-harley/
EV-1138-05,1138,cap 1138,narracao,traducao_disputada,"O mesmo verso do Terceiro Mundo diz ouvir as vozes da lua crescente, e ouvir vozes é a expressão com que Roger descreve ler os Poneglyphs.",Gol D. Roger,Harley|Poneglyphs|leitura|lua,H-04|H-08,https://thelibraryofohara.com/2025/02/06/a-complete-translation-breakdown-of-the-harley/
EV-1138-06,1138,cap 1138,narracao,traducao_disputada,"No Primeiro Mundo do Harley, a chama que havia dentro da terra é escrita com o mesmo kanji usado para a Mother Flame, e o sol proibido que a humanidade tocou por ganância é lido como sendo essa mesma chama.",,Harley|Mother Flame|sol|tecnologia,H-03,https://thelibraryofohara.com/2025/02/06/a-complete-translation-breakdown-of-the-harley/
EV-1138-07,1138,cap 1138,imagem,ambiguo,"O painel do Primeiro Mundo do mural mostra uma civilização industrial: arranha-céus com chaminés soltando fumaça, engrenagens gigantes girando sob a cidade, um objeto em forma de foguete, monitores, e escravos carregando cargas de Mother Flame.",,mural|tecnologia|Mother Flame|escravidao,H-14|H-15,https://thelibraryofohara.com/2025/01/30/chapter-secrets-one-piece-chapter-1138-giga-analysis/
EV-1138-08,1138,cap 1138,imagem,ambiguo,"No mesmo painel um elevador sobe até uma terra alta e se divide em dois lados: de um, escravos levam Mother Flames até uma plataforma no céu onde constroem um navio; de outro, pessoas ganham um halo sobre a cabeça conforme sobem e são recebidas no topo por quem mora nos arranha-céus.",,mural|escravidao|Mary Geoise|deuses,,https://thelibraryofohara.com/2025/01/30/chapter-secrets-one-piece-chapter-1138-giga-analysis/
EV-1138-09,1138,cap 1138,imagem,ambiguo,"Todas as figuras humanas desenhadas no painel do Primeiro Mundo são humanas, sem nenhuma outra raça representada, ao contrário do painel do Terceiro Mundo.",,mural|racas|segregacao,H-11,https://thelibraryofohara.com/2025/01/30/chapter-secrets-one-piece-chapter-1138-giga-analysis/
EV-1138-10,1138,cap 1138,imagem,ambiguo,"No painel do Primeiro Mundo a Lua aparece desenhada e cercada de Mother Flames, com outros planetas acima dela.",,mural|lua|Mother Flame|planetas,,https://thelibraryofohara.com/2025/01/30/chapter-secrets-one-piece-chapter-1138-giga-analysis/
EV-1138-11,1138,cap 1138,imagem,ambiguo,"No painel do Terceiro Mundo a figura demoníaca segura o Sol no centro da cena enquanto todos os demais tentam libertá-lo, e dela descem gotas de chuva e várias Mother Flames.",,mural|sol|profecia|Mother Flame,H-11,https://thelibraryofohara.com/2025/01/30/chapter-secrets-one-piece-chapter-1138-giga-analysis/
EV-1138-12,1138,cap 1138,imagem,ambiguo,"A figura de Nika no centro do painel do Terceiro Mundo carrega um escudo com o símbolo do Reino Antigo, e um dos barcos da coalizão traz o mesmo símbolo.",,mural|Nika|Reino Antigo,H-15,https://thelibraryofohara.com/2025/01/30/chapter-secrets-one-piece-chapter-1138-giga-analysis/
EV-1138-13,1138,cap 1138,narracao,canonico,"Os dois primeiros Mundos do Harley terminam com a fórmula de que eles não puderam se reencontrar, e o Terceiro termina dizendo que dessa vez eles certamente conseguirão se reencontrar, sem que o texto identifique quem são.",,Harley|profecia|reencontro,H-08,https://thelibraryofohara.com/2025/01/30/chapter-secrets-one-piece-chapter-1138-giga-analysis/
EV-1138-14,1138,cap 1138,fala,canonico,"Ripley considera o mural um sonho de criança precisamente porque ele mostra várias raças diferentes trabalhando juntas, algo de que os gigantes não têm registro.",Ripley|Franky,mural|racas|Elbaf,H-04|H-11|H-14,https://onepiece.fandom.com/wiki/Chapter_1138
EV-1144-01,1144,cap 1144,fala,canonico,"Lilith estima que a instalação científica encontrada num galho da Árvore Adam de Elbaf tem três mil anos, e Ripley confirma que os gigantes não têm registro algum desse edifício.",Lilith|Franky|Ripley,Elbaf|tecnologia|Arvore Adam,H-14|H-15,https://onepiece.fandom.com/wiki/Chapter_1144
EV-1144-02,1144,cap 1144,narracao,canonico,A Árvore Adam de Elbaf é a mais antiga do mundo por pelo menos três mil anos.,,Elbaf|Arvore Adam,H-14,https://onepiece.fandom.com/wiki/Treasure_Tree_Adam
EV-1154-01,1154,cap 1154,narracao,canonico,Marshall D. Teach é filho do pirata Rocks D. Xebec e de sua esposa Eris.,Marshall D. Teach|Rocks D. Xebec|Eris,Davy Jones|linhagem|Teach,,https://onepiece.fandom.com/wiki/Marshall_D._Teach
EV-1155-01,1155,cap 1155,narracao,canonico,"Descendentes de Davy D. Jones se estabeleceram em God Valley, e o Governo Mundial, ao descobri-los, os incluiu como alvos na caçada dos Nobres Mundiais.",Rocks D. Xebec|Davy D. Jones,Davy Jones|God Valley|Governo Mundial,H-09,https://onepiece.fandom.com/wiki/Davy_D._Jones
EV-1159-01,1159,cap 1159,narracao,canonico,Marshall D. Teach é membro da quase extinta Família Davy e descendente de Davy D. Jones.,Marshall D. Teach|Davy D. Jones,Davy Jones|linhagem|Teach,,https://onepiece.fandom.com/wiki/Marshall_D._Teach
EV-1164-01,1164,cap 1164,fala,canonico,"Rocks declara que Davy D. Jones foi certa vez Rei do Mundo, e Imu nega furiosamente que Jones tenha sido rei de coisa alguma.",Rocks D. Xebec|Imu|Davy D. Jones,Davy Jones|Imu|rei do mundo,H-09,https://onepiece.fandom.com/wiki/Davy_D._Jones
EV-1164-02,1164,cap 1164,fala,canonico,"Rocks pergunta a Imu se ele teme mais Davy Jones ou Joy Boy, e sugere que Imu vive aterrorizado com a possibilidade de alguém herdar a vontade de Jones e cumprir a promessa de que ele falava.",Rocks D. Xebec|Imu,Imu|promessa|Joy Boy|Davy Jones,H-09,https://onepiece.fandom.com/wiki/Davy_D._Jones
EV-1164-03,1164,cap 1164,fala,canonico,"Depois que Imu transformou Xebec em demônio em God Valley, Eris comentou que ainda era cedo demais.",Eris|Rocks D. Xebec|Imu,cedo demais|tempo determinado|God Valley,H-08,https://onepiece.fandom.com/wiki/Void_Century
EV-1172-01,1172,cap 1172,fala,canonico,"Jarul afirma que a profecia do Harley sugere que o mundo será dividido em dois, e com isso declara Elbaf inimiga do Governo Mundial.",Jarul,Harley|profecia|Elbaf|Governo Mundial,H-08|H-13,https://onepiece.fandom.com/wiki/Harley
EV-1173-01,1173,cap 1173,fala,traducao_disputada,Imu declara que Elbaf é incompatível com o Governo afirmando literalmente que Elbaf é D.,Imu,Elbaf|Vontade de D.|Imu,,https://thelibraryofohara.com/2026/02/15/chapter-secrets-one-piece-chapters-1174-1175-in-depth-analysis/
EV-1174-01,1174,cap 1174,fala,canonico,"Jarul recita que num dia de nevasca e trovão uma besta colossal cobrirá os céus e, junto com os Tambores da Libertação, o Deus do Sol aparecerá — e a cena cumpre a descrição enquanto ele fala.",Jarul|Loki|Monkey D. Luffy,profecia|Elbaf|Tambores da Libertacao,H-08,https://thelibraryofohara.com/2026/02/15/chapter-secrets-one-piece-chapters-1174-1175-in-depth-analysis/
EV-1175-01,1175,cap 1175,narracao,ambiguo,"Uma das lendas de Elbaf descreve Nika como inimigo do Deus Guerreiro do país, contra quem batalhou, e parte da juventude o teme como Deus da Destruição.",Nika|Loki,Nika|Elbaf|destruicao,,https://onepiece.fandom.com/wiki/Nika
EV-1175-02,1175,cap 1175,narracao,canonico,"Na lenda de Elbaf o Deus da Guerra empunhava a arma Ragnir, transformava-se num dragão gigante e se opunha ao Deus do Sol, com o termo da oposição vindo graficamente destacado no texto japonês.",Loki|Nika,Nika|Elbaf|Deus da Guerra|oposicao,,https://thelibraryofohara.com/2026/02/15/chapter-secrets-one-piece-chapters-1174-1175-in-depth-analysis/
EV-1175-03,1175,cap 1175,narracao,canonico,"O confidente do Deus da Guerra, o esquilo Ratatoskr, transferiu-se para dentro da arma com o termo japonês usado para transmigração de almas, e lá aguardou o retorno de seu mestre até reconhecer Loki.",Loki|Ratatoskr,Akuma no Mi|vontade|heranca,H-10,https://thelibraryofohara.com/2026/02/15/chapter-secrets-one-piece-chapters-1174-1175-in-depth-analysis/
EV-1179-01,1179,cap 1179,narracao,canonico,"A ascendência Davy de Marshall D. Teach é conhecida por um número pequeno de pessoas, entre elas Imu.",Imu|Marshall D. Teach,Imu|Davy Jones|Teach,H-09,https://onepiece.fandom.com/wiki/Marshall_D._Teach
EV-1179-02,1179,cap 1179,fala,canonico,"Imu diz aos Cinco Anciãos que devem descartar arrogância, preguiça e orgulho porque tudo o que está acontecendo já foi posto em movimento, enquanto pensa na promessa de retorno de Rocks, na execução de Roger, no roubo da Gomu Gomu no Mi por Shanks, no nascimento de Shirahoshi, na fruta de Loki e na existência de Luffy e de Barba Negra.",Imu|Cinco Anciaos,Imu|destino|cadeia causal,,https://onepiece.fandom.com/wiki/Chapter_1179
EV-1179-03,1179,cap 1179,fala,canonico,"Garling observa que desde que Nika apareceu Mary Geoise vive uma sucessão de desastres, e se pergunta se aquilo é obra do destino ou mera coincidência.",Figarland Garling,destino|Nika|coincidencia,,https://onepiece.fandom.com/wiki/Chapter_1179
EV-1179-04,1179,cap 1179,fala,canonico,"Imu exige saber por que Joy Boy e Davy Jones continuam a fazê-lo sofrer, dizendo que tudo o que ele quer é Vivi.",Imu|Joy Boy|Davy D. Jones|Nefertari Vivi,Imu|Joy Boy|Davy Jones|Vivi,,https://onepiece.fandom.com/wiki/Chapter_1179
EV-1180-04,1180,cap 1180,imagem,ambiguo,"Imu demonstra em Elbaf um poder ligado a sua Akuma no Mi, apresentado como superior ao Haki do Conquistador.",Imu,Imu|poder|Elbaf,,https://onepiece.fandom.com/wiki/Chapter_1180
EV-1181-01,1181,cap 1181,fala,canonico,"Imu descreve seu poder Omen como algo que reside em todas as coisas e cujos fundamentos são Corrupção, Pacto e inveja, formando o poder da Dominação.",Imu|Loki,Imu|Omen|Dominacao|poder,H-04|H-09,https://onepiece.fandom.com/wiki/Chapter_1181
EV-1181-02,1181,cap 1181,fala,canonico,"Imu declara que a Dominação é a única bem-aventurança verdadeira do mundo, e ao dizer isso recorda uma conversa com Joy Boy e grita o nome dele com raiva.",Imu|Joy Boy,Imu|Joy Boy|Dominacao,H-09,https://onepiece.fandom.com/wiki/Chapter_1181
EV-1181-03,1181,cap 1181,narracao,canonico,"Imu e Joy Boy se conheceram e a princípio pareciam estar em bons termos, mas Imu desenvolveu por ele desprezo e medo profundos.",Imu|Joy Boy,Imu|Joy Boy,,https://onepiece.fandom.com/wiki/Joy_Boy
EV-1188-01,1188,cap 1188,fala,canonico,"Imu diz a Luffy que ele não é Joy Boy, porque Joy Boy era muito mais forte do que Luffy é agora.",Imu|Monkey D. Luffy|Joy Boy,Imu|Joy Boy|Luffy,H-05|H-10,https://onepiece.fandom.com/wiki/Chapter_1188
EV-1190-01,1190,cap 1190,fala,canonico,"Gaban afirma que a insistência de Imu em matar Luffy prova o que Roger disse sobre terem chegado cedo demais, e que Luffy é a pessoa que ele e outros grandes nomes esperavam.",Scopper Gaban|Imu|Monkey D. Luffy,cedo demais|Roger|Luffy,H-03|H-08,https://onepiece.fandom.com/wiki/Chapter_1190
EV-1190-02,1190,cap 1190,fala,canonico,Imu admite que Luffy é mesmo quem esperavam e diz que foi tolo por ter confundido várias coincidências com destino.,Imu|Monkey D. Luffy,Imu|destino|Luffy,H-08|H-10,https://onepiece.fandom.com/wiki/Chapter_1190
EV-1190-03,1190,cap 1190,fala,canonico,"Gaban diz a Imu que conhece as palavras de Joy Boy, mas que não tem intenção de seguir as palavras de um homem que não conheceu: sua motivação é realizar o sonho do seu capitão.",Scopper Gaban|Imu|Joy Boy,Joy Boy|palavras|Laugh Tale|Roger,H-01|H-03|H-05|H-07|H-15,https://onepiece.fandom.com/wiki/Chapter_1190
EV-1190-04,1190,cap 1190,narracao,canonico,Imu recorda ter ordenado pessoalmente o encobrimento do verdadeiro nome de Gol D. Roger por ele ser um D.,Imu|Gol D. Roger,Imu|Vontade de D.|apagamento,H-09,https://onepiece.fandom.com/wiki/Chapter_1190
EV-1190-05,1190,cap 1190,fala,canonico,"Gaban afirma que Luffy é o homem que sua geração inteira esperava, e nomeia Rayleigh, Crocus, Shanks, Oden e Barba Branca como os que esperavam.",Scopper Gaban|Monkey D. Luffy,cedo demais|Luffy|sucessao,H-08,https://thelibraryofohara.com/2026/08/10/chapter-secrets-one-piece-chapters-1189-1190-in-depth-analysis/
